[
  {
    "title": "Dom Casmurro",
    "author": "Machado de Assis",
    "isbn": "978-85-359-0277-5",
    "editor": "Companhia das Letras",
    "category": "Ficção Clássica",
    "language": "Português",
    "publication_year": 2008,
    "pages": 256,
    "format": "Físico",
    "available": 5,
    "description": "Dom Casmurro é um dos mais importantes romances da literatura brasileira, narrado em primeira pessoa por Bentinho, que busca justificar seu ciúme e a suposta traição de Capitu. A obra explora temas como memória, dúvida e manipulação.",
    "cover_image": "dom-casmurro.png"
  },
  {
    "title": "1984",
    "author": "George Orwell",
    "isbn": "978-0-452-28423-4",
    "editor": "Companhia das Letras",
    "category": "Ficção",
    "language": "Português",
    "publication_year": 2008,
    "pages": 256,
    "format": "Físico",
    "available": 4,
    "description": "1984 é um romance distópico que descreve um regime totalitário liderado pelo Grande Irmão. A história acompanha Winston Smith em sua luta contra a opressão e o controle do pensamento, levantando questões sobre liberdade e vigilância.",
    "cover_image": ""
  },
  {
    "title": "O Pequeno Príncipe",
    "author": "Antoine de Saint-Exupéry",
    "isbn": "978-85-359-0277-5",
    "editor": "Editora Agir",
    "category": "Infantil",
    "language": "Português",
    "publication_year": 2008,
    "pages": 256,
    "format": "Físico",
    "available": 10,
    "description": "O Pequeno Príncipe é uma fábula poética sobre um jovem príncipe que viaja de planeta em planeta, aprendendo valiosas lições sobre amor, amizade e responsabilidade. Uma obra comovente e filosófica, apreciada por leitores de todas as idades.",
    "cover_image": "pequeno-principe.png"
  },
  {
    "title": "A Revolução dos Bichos",
    "author": "George Orwell",
    "isbn": "978-85-359-0277-5",
    "editor": "Companhia das Letras",
    "category": "Ficção",
    "language": "Português",
    "publication_year": 2008,
    "pages": 256,
    "format": "Físico",
    "available": 3,
    "description": "Uma alegoria sobre o poder e a corrupção, A Revolução dos Bichos mostra como os ideais de uma revolução podem ser distorcidos. Os animais de uma fazenda tomam o controle, apenas para descobrir que a tirania pode mudar de forma.",
    "cover_image": "revolucao-bichos.png"
  },
  {
    "title": "O Senhor dos Anéis: A Sociedade do Anel",
    "author": "J.R.R. Tolkien",
    "isbn": "978-85-359-0277-5",
    "editor": "HarperCollins Brasil",
    "category": "Fantasia",
    "language": "Português",
    "publication_year": 2008,
    "pages": 256,
    "format": "Físico",
    "available": 2,
    "description": "Primeiro volume da trilogia O Senhor dos Anéis, acompanha Frodo Bolseiro em sua jornada para destruir o Um Anel. Uma narrativa épica repleta de magia, amizade, coragem e batalhas memoráveis.",
    "cover_image": ""
  },
  {
    "title": "A Arte da Guerra",
    "author": "Sun Tzu",
    "isbn": "978-85-359-0277-5",
    "editor": "Editora Nova Fronteira",
    "category": "Estratégia",
    "language": "Português",
    "publication_year": 2008,
    "pages": 256,
    "format": "Físico",
    "available": 6,
    "description": "A Arte da Guerra é um tratado militar chinês com ensinamentos sobre táticas, estratégias e inteligência. Seus princípios são aplicados não apenas em guerras, mas também em negócios, política e vida pessoal.",
    "cover_image": "livro-padrao.png"
  },
  {
    "title": "O Alquimista",
    "author": "Paulo Coelho",
    "isbn": "978-85-359-0277-5",
    "editor": "Editora Rocco",
    "category": "Ficção",
    "language": "Português",
    "publication_year": 2008,
    "pages": 256,
    "format": "Físico",
    "available": 8,
    "description": "O Alquimista narra a jornada espiritual de Santiago, um jovem pastor que parte em busca de um tesouro. A obra aborda temas como destino, sonhos e propósito de vida, tornando-se um fenômeno mundial.",
    "cover_image": "livro-padrao.png"
  },
  {
    "title": "A Menina que Roubava Livros",
    "author": "Markus Zusak",
    "isbn": "978-85-359-0277-5",
    "editor": "Editora Intrínseca",
    "category": "Ficção",
    "language": "Português",
    "publication_year": 2008,
    "pages": 256,
    "format": "Físico",
    "available": 7,
    "description": "Durante a Segunda Guerra Mundial, Liesel encontra refúgio nos livros, enquanto a Morte narra sua história. Uma comovente homenagem ao poder das palavras e da literatura.",
    "cover_image": "livro-padrao.png"
  },
  {
    "title": "O Código Da Vinci",
    "author": "Dan Brown",
    "isbn": "978-85-359-0277-5",
    "editor": "Editora Sextante",
    "category": "Mistério",
    "language": "Português",
    "publication_year": 2008,
    "pages": 256,
    "format": "Físico",
    "available": 5,
    "description": "O simbologista Robert Langdon investiga um assassinato no Louvre e descobre uma conspiração milenar ligada ao Santo Graal. Um thriller eletrizante repleto de enigmas e segredos históricos.",
    "cover_image": "livro-padrao.png"
  },
  {
    "title": "Harry Potter e a Pedra Filosofal",
    "author": "J.K. Rowling",
    "isbn": "978-85-359-0277-5",
    "editor": "Editora Rocco",
    "category": "Fantasia",
    "language": "Português",
    "publication_year": 2008,
    "pages": 256,
    "format": "Físico",
    "available": 9,
    "description": "O primeiro livro da saga Harry Potter apresenta o jovem bruxo que descobre seu passado mágico e embarca em aventuras na Escola de Magia de Hogwarts. Um clássico moderno da literatura infantojuvenil.",
    "cover_image": "livro-padrao.png"
  },
  {
    "title": "Orgulho e Preconceito",
    "author": "Jane Austen",
    "isbn": "978-85-359-0277-5",
    "editor": "Editora Martin Claret",
    "category": "Romance",
    "language": "Português",
    "publication_year": 2008,
    "pages": 256,
    "format": "Físico",
    "available": 4,
    "description": "Elizabeth Bennet e o Sr. Darcy protagonizam uma história de amor marcada por mal-entendidos, orgulho e transformações pessoais. Uma das obras mais amadas da literatura inglesa.",
    "cover_image": "livro-padrao.png"
  },
  {
    "title": "O Hobbit",
    "author": "J.R.R. Tolkien",
    "isbn": "978-85-359-0277-5",
    "editor": "HarperCollins Brasil",
    "category": "Fantasia",
    "language": "Português",
    "publication_year": 2008,
    "pages": 256,
    "format": "Físico",
    "available": 3,
    "description": "Bilbo Bolseiro embarca em uma jornada inesperada com anões em busca de um tesouro guardado por um dragão. Uma introdução ao universo da Terra Média e às aventuras épicas de Tolkien.",
    "cover_image": "livro-padrao.png"
  },
  {
    "title": "Cem Anos de Solidão",
    "author": "Gabriel García Márquez",
    "isbn": "978-85-359-0277-5",
    "editor": "Editora Record",
    "category": "Realismo Mágico",
    "language": "Português",
    "publication_year": 2008,
    "pages": 256,
    "format": "Físico",
    "available": 6,
    "description": "A saga da família Buendía em Macondo é uma narrativa envolvente que mistura realidade e fantasia. Obra-prima do realismo mágico e um marco da literatura latino-americana.",
    "cover_image": "livro-padrao.png"
  },
  {
    "title": "O Morro dos Ventos Uivantes",
    "author": "Emily Brontë",
    "isbn": "978-85-359-0277-5",
    "editor": "Editora Martin Claret",
    "category": "Romance",
    "language": "Português",
    "publication_year": 2008,
    "pages": 256,
    "format": "Físico",
    "available": 2,
    "description": "Um clássico da literatura inglesa que narra a intensa e trágica paixão entre Heathcliff e Catherine, ambientada em uma sombria propriedade rural inglesa.",
    "cover_image": "livro-padrao.png"
  },
  {
    "title": "A Metamorfose",
    "author": "Franz Kafka",
    "isbn": "978-85-359-0277-5",
    "editor": "Companhia das Letras",
    "category": "Ficção",
    "language": "Português",
    "publication_year": 2008,
    "pages": 256,
    "format": "Físico",
    "available": 5,
    "description": "Gregor Samsa acorda transformado em um inseto gigante, e a história aborda temas como alienação, rejeição e identidade em uma narrativa surreal e simbólica.",
    "cover_image": "livro-padrao.png"
  },
  {
    "title": "O Diário de Anne Frank",
    "author": "Anne Frank",
    "isbn": "978-85-359-0277-5",
    "editor": "Editora Record",
    "category": "Biografia",
    "language": "Português",
    "publication_year": 2008,
    "pages": 256,
    "format": "Físico",
    "available": 4,
    "description": "O relato emocionante da jovem judia Anne Frank durante o período em que se escondeu dos nazistas. Uma das mais tocantes testemunhas do Holocausto.",
    "cover_image": "livro-padrao.png"
  },
  {
    "title": "A Divina Comédia",
    "author": "Dante Alighieri",
    "isbn": "978-85-359-0277-5",
    "editor": "Editora Nova Fronteira",
    "category": "Poesia",
    "language": "Português",
    "publication_year": 2008,
    "pages": 256,
    "format": "Físico",
    "available": 3,
    "description": "Dante viaja por Inferno, Purgatório e Paraíso, guiado por Virgílio e Beatriz, em uma das mais grandiosas obras da literatura mundial, repleta de alegorias e simbolismos.",
    "cover_image": "livro-padrao.png"
  },
  {
    "title": "Dom Quixote",
    "author": "Miguel de Cervantes",
    "isbn": "978-85-359-0277-5",
    "editor": "Editora Martin Claret",
    "category": "Romance",
    "language": "Português",
    "publication_year": 2008,
    "pages": 256,
    "format": "Físico",
    "available": 6,
    "description": "Dom Quixote e Sancho Pança vivem aventuras hilárias e filosóficas na busca por justiça e cavalheirismo. Um marco da literatura ocidental, repleto de crítica social.",
    "cover_image": "livro-padrao.png"
  },
  {
    "title": "O Sol é Para Todos",
    "author": "Harper Lee",
    "isbn": "978-85-359-0277-5",
    "editor": "Editora José Olympio",
    "category": "Ficção",
    "language": "Português",
    "publication_year": 2008,
    "pages": 256,
    "format": "Físico",
    "available": 5,
    "description": "Narrado pela jovem Scout, o livro denuncia o racismo e a injustiça nos Estados Unidos dos anos 30, comovendo leitores com sua sensibilidade e firmeza moral.",
    "cover_image": "livro-padrao.png"
  },
  {
    "title": "O Apanhador no Campo de Centeio",
    "author": "J.D. Salinger",
    "isbn": "978-85-359-0277-5",
    "editor": "Editora do Autor",
    "category": "Ficção",
    "language": "Português",
    "publication_year": 2008,
    "pages": 256,
    "format": "Físico",
    "available": 4,
    "description": "A história de Holden Caulfield, um adolescente rebelde e introspectivo, que critica a hipocrisia da sociedade moderna. Um clássico da literatura juvenil.",
    "cover_image": "livro-padrao.png"
  },
  {
    "title": "A Revolução dos Bichos",
    "author": "George Orwell",
    "isbn": "978-85-359-0277-5",
    "editor": "Companhia das Letras",
    "category": "Ficção",
    "language": "Português",
    "publication_year": 2008,
    "pages": 256,
    "format": "Físico",
    "available": 3,
    "description": "Uma alegoria sobre o poder e a corrupção, A Revolução dos Bichos mostra como os ideais de uma revolução podem ser distorcidos. Os animais de uma fazenda tomam o controle, apenas para descobrir que a tirania pode mudar de forma.",
    "cover_image": "livro-padrao.png"
  },
  {
    "title": "O Senhor dos Anéis: As Duas Torres",
    "author": "J.R.R. Tolkien",
    "isbn": "978-85-359-0277-5",
    "editor": "HarperCollins Brasil",
    "category": "Fantasia",
    "language": "Português",
    "publication_year": 2008,
    "pages": 256,
    "format": "Físico",
    "available": 2,
    "description": "Segundo volume da trilogia O Senhor dos Anéis, continua a jornada épica de Frodo e seus amigos enquanto enfrentam novos perigos e desafios na Terra Média.",
    "cover_image": "livro-padrao.png"
  }
]